Timestamp,Temperature,Strain
2024-11-25 12:18:20,295.52,
2024-11-25 12:18:20,295.42,
2024-11-25 12:18:21,295.42,
2024-11-25 12:18:22,295.45,
2024-11-25 12:18:24,295.42,
2024-11-25 12:18:25,295.49,
2024-11-25 12:18:26,295.42,
2024-11-25 12:18:27,295.45,
2024-11-25 12:18:28,295.45,
2024-11-25 12:18:29,295.45,
2024-11-25 12:18:30,295.45,-0.0000006847
2024-11-25 12:18:31,295.42,-0.0000006847
2024-11-25 12:18:32,295.45,-0.0000006847
2024-11-25 12:18:33,295.42,-0.0000005520
2024-11-25 12:18:34,295.45,-0.0000009290
2024-11-25 12:18:35,295.49,-0.0000002715
2024-11-25 12:18:36,295.35,-0.0000005765
2024-11-25 12:18:38,295.42,-0.0000002355
2024-11-25 12:18:39,295.42,-0.0000001990
2024-11-25 12:18:40,295.42,-0.0000005950
2024-11-25 12:18:41,295.42,-0.0000003430
2024-11-25 12:18:42,295.45,-0.0000002175
2024-11-25 12:18:43,295.42,-0.0000007015
2024-11-25 12:18:44,295.42,-0.0000005415
2024-11-25 12:18:45,295.42,-0.0000007930
2024-11-25 12:18:46,295.49,-0.0000005420
2024-11-25 12:18:47,295.42,-0.0000005310
2024-11-25 12:18:48,295.42,-0.0000002565
2024-11-25 12:18:49,295.42,-0.0000004050
2024-11-25 12:18:51,295.42,-0.0000009270
2024-11-25 12:18:52,295.39,-0.0000006640
2024-11-25 12:18:53,295.45,-0.0000009640
2024-11-25 12:18:54,295.42,-0.0000008255
2024-11-25 12:18:55,295.45,-0.0000010000
2024-11-25 12:18:56,295.39,-0.0000009230
2024-11-25 12:18:57,295.45,-0.0000009160
2024-11-25 12:18:58,295.42,-0.0000009205
2024-11-25 12:18:59,295.42,-0.0000008890
2024-11-25 12:19:00,295.42,-0.0000008310
2024-11-25 12:19:01,295.42,-0.0000006800
2024-11-25 12:19:02,295.42,-0.0000005395
2024-11-25 12:19:03,295.35,-0.0000008995
2024-11-25 12:19:05,295.45,-0.0000009750
2024-11-25 12:19:06,295.39,-0.0000008640
2024-11-25 12:19:07,295.45,-0.0000009690
2024-11-25 12:19:08,295.42,-0.0000009110
2024-11-25 12:19:09,295.39,-0.0000009700
2024-11-25 12:19:10,295.42,-0.0000008230
2024-11-25 12:19:11,295.42,-0.0000006615
2024-11-25 12:19:12,295.45,-0.0000006630
2024-11-25 12:19:13,295.42,-0.0000008595
2024-11-25 12:19:14,295.49,-0.0000008685
2024-11-25 12:19:15,295.45,-0.0000009435
2024-11-25 12:19:16,295.45,-0.0000007940
2024-11-25 12:19:17,295.39,-0.0000009455
2024-11-25 12:19:19,295.42,-0.0000009110
2024-11-25 12:19:20,295.45,-0.0000009340
2024-11-25 12:19:21,295.39,-0.0000008840
2024-11-25 12:19:22,295.42,-0.0000007525
2024-11-25 12:19:23,295.45,-0.0000009505
2024-11-25 12:19:24,295.45,-0.0000008960
2024-11-25 12:19:25,295.45,-0.0000007065
2024-11-25 12:19:26,295.49,-0.0000008935
2024-11-25 12:19:27,295.39,-0.0000007250
2024-11-25 12:19:28,295.42,-0.0000004955
2024-11-25 12:19:29,295.45,-0.0000007410
2024-11-25 12:19:30,295.42,-0.0000009055
2024-11-25 12:19:31,295.42,-0.0000008830
2024-11-25 12:19:33,295.42,-0.0000009370
2024-11-25 12:19:34,295.42,-0.0000008000
2024-11-25 12:19:35,295.42,-0.0000009955
2024-11-25 12:19:36,295.42,-0.0000009485
2024-11-25 12:19:37,295.45,-0.0000010000
2024-11-25 12:19:38,295.49,-0.0000009525
2024-11-25 12:19:39,295.42,-0.0000009335
2024-11-25 12:19:40,295.39,-0.0000009520
2024-11-25 12:19:41,295.49,-0.0000009845
2024-11-25 12:19:42,295.39,-0.0000009350
2024-11-25 12:19:43,295.45,-0.0000008230
2024-11-25 12:19:44,295.42,-0.0000010000
2024-11-25 12:19:46,295.39,-0.0000008920
2024-11-25 12:19:47,295.42,-0.0000009860
2024-11-25 12:19:48,295.39,-0.0000010000
2024-11-25 12:19:49,295.42,-0.0000009770
2024-11-25 12:19:50,295.42,-0.0000010000
2024-11-25 12:19:51,295.49,-0.0000009670
2024-11-25 12:19:52,295.42,-0.0000009875
2024-11-25 12:19:53,295.42,-0.0000009620
2024-11-25 12:19:54,295.49,-0.0000010000
2024-11-25 12:19:55,295.45,-0.0000009880
2024-11-25 12:19:56,295.42,-0.0000010000
2024-11-25 12:19:57,295.42,-0.0000009940
2024-11-25 12:19:58,295.39,-0.0000010000
2024-11-25 12:20:00,295.45,-0.0000010000
2024-11-25 12:20:01,295.42,-0.0000009900
2024-11-25 12:20:02,295.42,-0.0000010000
2024-11-25 12:20:03,295.42,-0.0000010000
2024-11-25 12:20:04,295.45,-0.0000010000
2024-11-25 12:20:05,295.45,
2024-11-25 12:20:06,295.45,
2024-11-25 12:20:07,295.42,
2024-11-25 12:20:08,295.45,
2024-11-25 12:20:09,295.45,
2024-11-25 12:20:10,295.45,
2024-11-25 12:20:11,295.42,
2024-11-25 12:34:39,305.17,
2024-11-25 12:34:39,305.2,
2024-11-25 12:34:40,305.24,
2024-11-25 12:34:41,305.17,
2024-11-25 12:34:43,305.17,
2024-11-25 12:34:44,305.27,
2024-11-25 12:34:45,305.24,
2024-11-25 12:34:46,305.27,
2024-11-25 12:34:47,305.27,
2024-11-25 12:34:48,305.3,
2024-11-25 12:34:49,305.3,
2024-11-25 12:34:50,305.34000000000003,
2024-11-25 12:34:51,305.27,
2024-11-25 12:34:52,305.34000000000003,
2024-11-25 12:34:53,305.34000000000003,
2024-11-25 12:34:54,305.34000000000003,
2024-11-25 12:34:56,305.37,
2024-11-25 12:34:57,305.37,
2024-11-25 12:34:58,305.44,
2024-11-25 12:34:59,305.40999999999997,
2024-11-25 12:35:00,305.40999999999997,
2024-11-25 12:35:01,305.44,
2024-11-25 12:35:02,305.47,
2024-11-25 12:35:03,305.47,
2024-11-25 12:35:04,305.47,
2024-11-25 12:35:05,305.51,
2024-11-25 12:35:06,305.51,
2024-11-25 12:35:07,305.51,
2024-11-25 12:35:08,305.51,
2024-11-25 12:35:10,305.54,0.0000960842
2024-11-25 12:35:11,305.61,0.0000960842
2024-11-25 12:35:12,305.61,0.0000990000
2024-11-25 12:35:13,305.58,0.0000990000
2024-11-25 12:35:14,305.61,0.0000990000
2024-11-25 12:35:15,305.64,0.0000990000
2024-11-25 12:35:16,305.61,0.0000990000
2024-11-25 12:35:17,305.61,0.0000990000
2024-11-25 12:35:18,305.68,0.0000990000
2024-11-25 12:35:19,305.71,0.0000990000
2024-11-25 12:35:20,305.71,0.0000991585
2024-11-25 12:35:21,305.71,0.0000990330
2024-11-25 12:35:22,305.68,0.0000990230
2024-11-25 12:35:24,305.68,0.0000991795
2024-11-25 12:35:25,305.71,0.0000993195
2024-11-25 12:35:26,305.75,0.0000995695
2024-11-25 12:35:27,305.78,0.0000997240
2024-11-25 12:35:28,305.78,0.0000992835
2024-11-25 12:35:29,305.81,0.0000997945
2024-11-25 12:35:30,305.81,0.0000999940
2024-11-25 12:35:31,305.81,0.0001000000
2024-11-25 12:35:32,305.81,0.0001000000
2024-11-25 12:35:33,305.81,0.0001000000
2024-11-25 12:35:34,305.81,0.0001000000
2024-11-25 12:35:35,305.85,0.0001000000
2024-11-25 12:35:36,305.85,0.0001000000
2024-11-25 12:35:38,305.88,0.0001000000
2024-11-25 12:35:39,305.90999999999997,0.0001000000
2024-11-25 12:35:40,305.88,0.0001000000
2024-11-25 12:35:41,305.90999999999997,0.0001000000
2024-11-25 12:35:42,305.95,0.0001000000
2024-11-25 12:35:43,305.90999999999997,0.0001000025
2024-11-25 12:35:44,305.90999999999997,0.0001000375
2024-11-25 12:35:45,305.90999999999997,0.0001002345
2024-11-25 12:35:46,305.98,0.0001002720
2024-11-25 12:35:47,305.95,0.0001006160
2024-11-25 12:35:48,305.98,0.0001009740
2024-11-25 12:35:49,306.02,0.0001009890
2024-11-25 12:35:50,306.02,0.0001010000
2024-11-25 12:35:52,306.02,0.0001009855
2024-11-25 12:35:53,306.05,0.0001010000
2024-11-25 12:35:54,306.05,0.0001010000
2024-11-25 12:35:55,305.98,0.0001010000
2024-11-25 12:35:56,306.05,0.0001010000
2024-11-25 12:35:57,306.08,0.0001010000
2024-11-25 12:35:58,306.08,0.0001010000
2024-11-25 12:35:59,306.08,0.0001010000
2024-11-25 12:36:00,306.12,0.0001010000
2024-11-25 12:36:01,306.12,0.0001010000
2024-11-25 12:36:02,306.12,0.0001010000
2024-11-25 12:36:03,306.15,0.0001010310
2024-11-25 12:36:05,306.12,0.0001012005
2024-11-25 12:36:06,306.19,0.0001014640
2024-11-25 12:36:07,306.15,0.0001018990
2024-11-25 12:36:08,306.15,0.0001019855
2024-11-25 12:36:09,306.19,0.0001019160
2024-11-25 12:36:10,306.19,0.0001019965
2024-11-25 12:36:11,306.19,0.0001019335
2024-11-25 12:36:12,306.19,0.0001020000
2024-11-25 12:36:13,306.22,0.0001020000
2024-11-25 12:36:14,306.25,0.0001019875
2024-11-25 12:36:15,306.25,0.0001020000
2024-11-25 12:36:16,306.25,0.0001020000
2024-11-25 12:36:17,306.25,0.0001020000
2024-11-25 12:36:19,306.25,0.0001020000
2024-11-25 12:36:20,306.29,0.0001020000
2024-11-25 12:36:21,306.29,0.0001020000
2024-11-25 12:36:22,306.36,0.0001020000
2024-11-25 12:36:23,306.29,0.0001020000
2024-11-25 12:36:24,306.36,0.0001020000
2024-11-25 12:36:25,306.32,0.0001020000
2024-11-25 12:36:26,306.32,0.0001020000
2024-11-25 12:36:27,306.36,0.0001020000
2024-11-25 12:36:28,306.36,0.0001020000
2024-11-25 12:36:29,306.39,0.0001020000
2024-11-25 12:36:30,306.36,0.0001020000
2024-11-25 12:36:31,306.36,0.0001020000
2024-11-25 12:36:33,306.39,0.0001020000
2024-11-25 12:36:34,306.39,0.0001020000
2024-11-25 12:36:35,306.39,0.0001020000
2024-11-25 12:36:36,306.42,
2024-11-25 12:36:37,306.42,
2024-11-25 12:36:38,306.42,
2024-11-25 12:36:39,306.46,
2024-11-25 12:36:40,306.46,
2024-11-25 12:36:41,306.46,
2024-11-25 12:36:42,306.49,
2024-11-25 12:36:43,306.46,
2024-11-25 12:36:44,306.49,
2024-11-25 12:36:45,306.49,
2024-11-25 12:36:47,306.46,
2024-11-25 12:36:48,306.49,
2024-11-25 12:36:49,306.49,
2024-11-25 12:36:50,306.49,
2024-11-25 12:36:51,306.53,
2024-11-25 12:36:52,306.56,
2024-11-25 12:36:53,306.56,
2024-11-25 12:36:54,306.56,
2024-11-25 12:36:55,306.56,
2024-11-25 12:36:56,306.59000000000003,
2024-11-25 12:36:57,306.59000000000003,